{
  "object_a_2dgs": {
    "final_loss": 0.03195,
    "final_normal": 0.00522,
    "final_points": 226409,
    "eval": [
      {
        "iter": 7000,
        "l1": 0.03496456369757652,
        "psnr": 26.3801326751709
      },
      {
        "iter": 30000,
        "l1": 0.024293892830610276,
        "psnr": 28.56709861755371
      }
    ]
  },
  "garden_d_2dgs": {
    "final_loss": 0.04311,
    "final_normal": 0.00699,
    "final_points": 2217492,
    "eval": [
      {
        "iter": 7000,
        "l1": 0.030175327137112618,
        "psnr": 26.716374969482423
      },
      {
        "iter": 30000,
        "l1": 0.02336704432964325,
        "psnr": 28.878814697265625
      }
    ]
  }
}